-- phpMyAdmin SQL Dump
-- version 4.9.0.1
-- https://www.phpmyadmin.net/
--
-- Host: localhost:3306
-- Generation Time: Dec 19, 2019 at 06:07 PM
-- Server version: 5.7.28
-- PHP Version: 7.1.30

SET SQL_MODE = "NO_AUTO_VALUE_ON_ZERO";
SET AUTOCOMMIT = 0;
START TRANSACTION;
SET time_zone = "+00:00";


/*!40101 SET @OLD_CHARACTER_SET_CLIENT=@@CHARACTER_SET_CLIENT */;
/*!40101 SET @OLD_CHARACTER_SET_RESULTS=@@CHARACTER_SET_RESULTS */;
/*!40101 SET @OLD_COLLATION_CONNECTION=@@COLLATION_CONNECTION */;
/*!40101 SET NAMES utf8mb4 */;

--
-- Database: `weteetviz_db`
--
DROP DATABASE IF EXISTS `weteetviz_db`;
CREATE DATABASE IF NOT EXISTS `weteetviz_db` DEFAULT CHARACTER SET utf8 COLLATE utf8_general_ci;
USE `weteetviz_db`;

-- --------------------------------------------------------

--
-- Table structure for table `cities`
--

DROP TABLE IF EXISTS `cities`;
CREATE TABLE `cities` (
  `city_id` int(11) NOT NULL,
  `city_name` varchar(25) DEFAULT NULL,
  `current_status` enum('0','1','-1') NOT NULL DEFAULT '0',
  `date_updated` timestamp NULL DEFAULT CURRENT_TIMESTAMP
) ENGINE=InnoDB DEFAULT CHARSET=utf8;

--
-- Dumping data for table `cities`
--

INSERT INTO `cities` (`city_id`, `city_name`, `current_status`, `date_updated`) VALUES
(1, 'Mumbai', '1', '2019-09-16 15:20:52'),
(2, 'Delhi', '1', '2019-09-16 15:21:01'),
(3, 'Chennai', '0', '2019-09-16 15:21:07'),
(4, 'Bangalore', '1', '2019-09-16 15:21:34'),
(5, 'Hyderabad', '0', '2019-09-16 15:21:45'),
(6, 'Kolkata', '0', '2019-09-16 15:22:04'),
(7, 'Pune', '0', '2019-09-16 18:32:41'),
(8, 'Aurangabad', '-1', '2019-09-16 18:33:29'),
(9, 'Allahabad', '-1', '2019-09-16 18:35:26'),
(10, 'Kanpur', '-1', '2019-09-24 02:52:58');

-- --------------------------------------------------------

--
-- Table structure for table `ci_sessions`
--

DROP TABLE IF EXISTS `ci_sessions`;
CREATE TABLE `ci_sessions` (
  `id` varchar(40) NOT NULL,
  `ip_address` varchar(45) NOT NULL,
  `timestamp` int(10) UNSIGNED NOT NULL DEFAULT '0',
  `data` longblob NOT NULL
) ENGINE=InnoDB DEFAULT CHARSET=utf8;

--
-- Dumping data for table `ci_sessions`
--

INSERT INTO `ci_sessions` (`id`, `ip_address`, `timestamp`, `data`) VALUES
('127ce69oq0eotbgerfs1bj3tu37rshcs', '125.16.91.50', 1576752790, 0x5f5f63695f6c6173745f726567656e65726174657c693a313537363735323739303b6964656e746974797c733a383a2277746d756d626169223b757365726e616d657c733a383a2277746d756d626169223b656d61696c7c733a31373a226d756d626169406d756d6261692e636f6d223b66697273745f6e616d657c733a383a225765205477656574223b6c6173745f6e616d657c733a363a224d756d626169223b636974797c733a313a2231223b757365725f69647c733a313a2235223b6f6c645f6c6173745f6c6f67696e7c733a31303a2231353736353633303531223b6c6173745f636865636b7c693a313537363735313633333b757365725f696e666f7c613a333a7b733a353a22656d61696c223b733a31373a226d756d626169406d756d6261692e636f6d223b733a31303a2266697273745f6e616d65223b733a383a225765205477656574223b733a393a226c6173745f6e616d65223b733a363a224d756d626169223b7d),
('19kr2o1mv9efp553oqtopcl7tj3n9gol', '66.102.6.180', 1576758471, 0x5f5f63695f6c6173745f726567656e65726174657c693a313537363735383437313b),
('5c8ilperp7tk9hfp9k94btjlvl8baeft', '125.17.137.51', 1576757469, 0x5f5f63695f6c6173745f726567656e65726174657c693a313537363735373436393b6964656e746974797c733a31333a2261646d696e6973747261746f72223b757365726e616d657c733a31333a2261646d696e6973747261746f72223b656d61696c7c733a31353a2261646d696e4061646d696e2e636f6d223b66697273745f6e616d657c733a353a2241646d696e223b6c6173745f6e616d657c733a383a226973747261746f72223b636974797c733a333a22312c32223b757365725f69647c733a313a2231223b6f6c645f6c6173745f6c6f67696e7c733a31303a2231353736353736353038223b6c6173745f636865636b7c693a313537363735333233353b757365725f696e666f7c613a333a7b733a353a22656d61696c223b733a31353a2261646d696e4061646d696e2e636f6d223b733a31303a2266697273745f6e616d65223b733a353a2241646d696e223b733a393a226c6173745f6e616d65223b733a383a226973747261746f72223b7d),
('6n9ta04aajplm4707mobq63n9271nhr3', '125.16.91.50', 1576754707, 0x5f5f63695f6c6173745f726567656e65726174657c693a313537363735343730373b),
('712l3jajhdvslr0vldon999q55ff9ajp', '125.17.137.51', 1576756621, 0x5f5f63695f6c6173745f726567656e65726174657c693a313537363735363632313b6964656e746974797c733a383a2277746d756d626169223b757365726e616d657c733a383a2277746d756d626169223b656d61696c7c733a31373a226d756d626169406d756d6261692e636f6d223b66697273745f6e616d657c733a383a225765205477656574223b6c6173745f6e616d657c733a363a224d756d626169223b636974797c733a313a2231223b757365725f69647c733a313a2235223b6f6c645f6c6173745f6c6f67696e7c733a31303a2231353736373531363333223b6c6173745f636865636b7c693a313537363735323432303b757365725f696e666f7c613a333a7b733a353a22656d61696c223b733a31373a226d756d626169406d756d6261692e636f6d223b733a31303a2266697273745f6e616d65223b733a383a225765205477656574223b733a393a226c6173745f6e616d65223b733a363a224d756d626169223b7d),
('7c8thnh3i53fsv2vnoe7gmr049c1pebn', '66.102.6.180', 1576753763, 0x5f5f63695f6c6173745f726567656e65726174657c693a313537363735333736333b),
('7ec929ugpcscfn92j93of1fomm5d8gcv', '125.17.137.51', 1576757099, 0x5f5f63695f6c6173745f726567656e65726174657c693a313537363735373039393b6964656e746974797c733a383a2277746d756d626169223b757365726e616d657c733a383a2277746d756d626169223b656d61696c7c733a31373a226d756d626169406d756d6261692e636f6d223b66697273745f6e616d657c733a383a225765205477656574223b6c6173745f6e616d657c733a363a224d756d626169223b636974797c733a313a2231223b757365725f69647c733a313a2235223b6f6c645f6c6173745f6c6f67696e7c733a31303a2231353736373531363333223b6c6173745f636865636b7c693a313537363735323432303b757365725f696e666f7c613a333a7b733a353a22656d61696c223b733a31373a226d756d626169406d756d6261692e636f6d223b733a31303a2266697273745f6e616d65223b733a383a225765205477656574223b733a393a226c6173745f6e616d65223b733a363a224d756d626169223b7d),
('7j4lhcsj2bnmm1nneu94bciufgpudcgd', '125.17.137.51', 1576753551, 0x5f5f63695f6c6173745f726567656e65726174657c693a313537363735333535313b6964656e746974797c733a31333a2261646d696e6973747261746f72223b757365726e616d657c733a31333a2261646d696e6973747261746f72223b656d61696c7c733a31353a2261646d696e4061646d696e2e636f6d223b66697273745f6e616d657c733a353a2241646d696e223b6c6173745f6e616d657c733a383a226973747261746f72223b636974797c733a333a22312c32223b757365725f69647c733a313a2231223b6f6c645f6c6173745f6c6f67696e7c733a31303a2231353736353736353038223b6c6173745f636865636b7c693a313537363735333233353b757365725f696e666f7c613a333a7b733a353a22656d61696c223b733a31353a2261646d696e4061646d696e2e636f6d223b733a31303a2266697273745f6e616d65223b733a353a2241646d696e223b733a393a226c6173745f6e616d65223b733a383a226973747261746f72223b7d),
('87a1j8m75j9ic3hf58bo9eih9vpgqqkt', '125.17.137.51', 1576752690, 0x5f5f63695f6c6173745f726567656e65726174657c693a313537363735323438303b),
('c97cj6vf27ij6j8gp2f1d9961ipl2mno', '125.17.137.51', 1576754758, 0x5f5f63695f6c6173745f726567656e65726174657c693a313537363735343735383b6964656e746974797c733a383a2277746d756d626169223b757365726e616d657c733a383a2277746d756d626169223b656d61696c7c733a31373a226d756d626169406d756d6261692e636f6d223b66697273745f6e616d657c733a383a225765205477656574223b6c6173745f6e616d657c733a363a224d756d626169223b636974797c733a313a2231223b757365725f69647c733a313a2235223b6f6c645f6c6173745f6c6f67696e7c733a31303a2231353736373531363333223b6c6173745f636865636b7c693a313537363735323432303b757365725f696e666f7c613a333a7b733a353a22656d61696c223b733a31373a226d756d626169406d756d6261692e636f6d223b733a31303a2266697273745f6e616d65223b733a383a225765205477656574223b733a393a226c6173745f6e616d65223b733a363a224d756d626169223b7d),
('cdp4j7kr327pmltg63sig9tvtgfg70g7', '125.17.137.51', 1576757161, 0x5f5f63695f6c6173745f726567656e65726174657c693a313537363735373136313b6964656e746974797c733a31333a2261646d696e6973747261746f72223b757365726e616d657c733a31333a2261646d696e6973747261746f72223b656d61696c7c733a31353a2261646d696e4061646d696e2e636f6d223b66697273745f6e616d657c733a353a2241646d696e223b6c6173745f6e616d657c733a383a226973747261746f72223b636974797c733a333a22312c32223b757365725f69647c733a313a2231223b6f6c645f6c6173745f6c6f67696e7c733a31303a2231353736353736353038223b6c6173745f636865636b7c693a313537363735333233353b757365725f696e666f7c613a333a7b733a353a22656d61696c223b733a31353a2261646d696e4061646d696e2e636f6d223b733a31303a2266697273745f6e616d65223b733a353a2241646d696e223b733a393a226c6173745f6e616d65223b733a383a226973747261746f72223b7d),
('cgbi0be28ke6frir4rithbvdb04aimqf', '125.16.91.50', 1576755278, 0x5f5f63695f6c6173745f726567656e65726174657c693a313537363735353237383b6964656e746974797c733a383a2277746d756d626169223b757365726e616d657c733a383a2277746d756d626169223b656d61696c7c733a31373a226d756d626169406d756d6261692e636f6d223b66697273745f6e616d657c733a383a225765205477656574223b6c6173745f6e616d657c733a363a224d756d626169223b636974797c733a313a2231223b757365725f69647c733a313a2235223b6f6c645f6c6173745f6c6f67696e7c733a31303a2231353736353633303531223b6c6173745f636865636b7c693a313537363735313633333b757365725f696e666f7c613a333a7b733a353a22656d61696c223b733a31373a226d756d626169406d756d6261692e636f6d223b733a31303a2266697273745f6e616d65223b733a383a225765205477656574223b733a393a226c6173745f6e616d65223b733a363a224d756d626169223b7d),
('dmhffa0f8d092o3t3qj3t0fgd864d4ds', '125.17.137.51', 1576758257, 0x5f5f63695f6c6173745f726567656e65726174657c693a313537363735383132323b6964656e746974797c733a383a2277746d756d626169223b757365726e616d657c733a383a2277746d756d626169223b656d61696c7c733a31373a226d756d626169406d756d6261692e636f6d223b66697273745f6e616d657c733a383a225765205477656574223b6c6173745f6e616d657c733a363a224d756d626169223b636974797c733a313a2231223b757365725f69647c733a313a2235223b6f6c645f6c6173745f6c6f67696e7c733a31303a2231353736373531363333223b6c6173745f636865636b7c693a313537363735323432303b757365725f696e666f7c613a333a7b733a353a22656d61696c223b733a31373a226d756d626169406d756d6261692e636f6d223b733a31303a2266697273745f6e616d65223b733a383a225765205477656574223b733a393a226c6173745f6e616d65223b733a363a224d756d626169223b7d),
('e26rs7nr1hn4fj5fb74umcsr9tvem04o', '125.17.137.51', 1576758376, 0x5f5f63695f6c6173745f726567656e65726174657c693a313537363735383337363b6964656e746974797c733a31333a2261646d696e6973747261746f72223b757365726e616d657c733a31333a2261646d696e6973747261746f72223b656d61696c7c733a31353a2261646d696e4061646d696e2e636f6d223b66697273745f6e616d657c733a353a2241646d696e223b6c6173745f6e616d657c733a383a226973747261746f72223b636974797c733a333a22312c32223b757365725f69647c733a313a2231223b6f6c645f6c6173745f6c6f67696e7c733a31303a2231353736353736353038223b6c6173745f636865636b7c693a313537363735333233353b757365725f696e666f7c613a333a7b733a353a22656d61696c223b733a31353a2261646d696e4061646d696e2e636f6d223b733a31303a2266697273745f6e616d65223b733a353a2241646d696e223b733a393a226c6173745f6e616d65223b733a383a226973747261746f72223b7d),
('iib3at4so4i4p7pslsh2fpje0lo6unhm', '106.51.255.229', 1576754719, 0x5f5f63695f6c6173745f726567656e65726174657c693a313537363735343731393b),
('jo81mjobeu69dn1vpgdmjat17sk8icoa', '125.17.137.51', 1576755991, 0x5f5f63695f6c6173745f726567656e65726174657c693a313537363735353939313b6964656e746974797c733a383a2277746d756d626169223b757365726e616d657c733a383a2277746d756d626169223b656d61696c7c733a31373a226d756d626169406d756d6261692e636f6d223b66697273745f6e616d657c733a383a225765205477656574223b6c6173745f6e616d657c733a363a224d756d626169223b636974797c733a313a2231223b757365725f69647c733a313a2235223b6f6c645f6c6173745f6c6f67696e7c733a31303a2231353736373531363333223b6c6173745f636865636b7c693a313537363735323432303b757365725f696e666f7c613a333a7b733a353a22656d61696c223b733a31373a226d756d626169406d756d6261692e636f6d223b733a31303a2266697273745f6e616d65223b733a383a225765205477656574223b733a393a226c6173745f6e616d65223b733a363a224d756d626169223b7d),
('k2jjj8lo3qo4c4o7k1v2vucn116npbnh', '125.17.137.51', 1576758122, 0x5f5f63695f6c6173745f726567656e65726174657c693a313537363735383132323b6964656e746974797c733a383a2277746d756d626169223b757365726e616d657c733a383a2277746d756d626169223b656d61696c7c733a31373a226d756d626169406d756d6261692e636f6d223b66697273745f6e616d657c733a383a225765205477656574223b6c6173745f6e616d657c733a363a224d756d626169223b636974797c733a313a2231223b757365725f69647c733a313a2235223b6f6c645f6c6173745f6c6f67696e7c733a31303a2231353736373531363333223b6c6173745f636865636b7c693a313537363735323432303b757365725f696e666f7c613a333a7b733a353a22656d61696c223b733a31373a226d756d626169406d756d6261692e636f6d223b733a31303a2266697273745f6e616d65223b733a383a225765205477656574223b733a393a226c6173745f6e616d65223b733a363a224d756d626169223b7d),
('k9btn8uvnout45b4nggo7ujf9p4vlaqq', '125.16.91.50', 1576752432, 0x5f5f63695f6c6173745f726567656e65726174657c693a313537363735323433323b),
('l86okebsp040d1poaf591o3rjao6hk0n', '125.16.91.50', 1576752392, 0x5f5f63695f6c6173745f726567656e65726174657c693a313537363735323339323b6964656e746974797c733a383a2277746d756d626169223b757365726e616d657c733a383a2277746d756d626169223b656d61696c7c733a31373a226d756d626169406d756d6261692e636f6d223b66697273745f6e616d657c733a383a225765205477656574223b6c6173745f6e616d657c733a363a224d756d626169223b636974797c733a313a2231223b757365725f69647c733a313a2235223b6f6c645f6c6173745f6c6f67696e7c733a31303a2231353736353633303531223b6c6173745f636865636b7c693a313537363735313633333b757365725f696e666f7c613a333a7b733a353a22656d61696c223b733a31373a226d756d626169406d756d6261692e636f6d223b733a31303a2266697273745f6e616d65223b733a383a225765205477656574223b733a393a226c6173745f6e616d65223b733a363a224d756d626169223b7d),
('leu6k5sfl7h1orr76o5vr54jeq6ok9qn', '125.17.137.51', 1576754788, 0x5f5f63695f6c6173745f726567656e65726174657c693a313537363735343738383b6964656e746974797c733a31333a2261646d696e6973747261746f72223b757365726e616d657c733a31333a2261646d696e6973747261746f72223b656d61696c7c733a31353a2261646d696e4061646d696e2e636f6d223b66697273745f6e616d657c733a353a2241646d696e223b6c6173745f6e616d657c733a383a226973747261746f72223b636974797c733a333a22312c32223b757365725f69647c733a313a2231223b6f6c645f6c6173745f6c6f67696e7c733a31303a2231353736353736353038223b6c6173745f636865636b7c693a313537363735333233353b757365725f696e666f7c613a333a7b733a353a22656d61696c223b733a31353a2261646d696e4061646d696e2e636f6d223b733a31303a2266697273745f6e616d65223b733a353a2241646d696e223b733a393a226c6173745f6e616d65223b733a383a226973747261746f72223b7d),
('lms9u24hlcjdi9lkdpcqcthj19a5ou35', '125.17.137.51', 1576756634, 0x5f5f63695f6c6173745f726567656e65726174657c693a313537363735363633343b6964656e746974797c733a31333a2261646d696e6973747261746f72223b757365726e616d657c733a31333a2261646d696e6973747261746f72223b656d61696c7c733a31353a2261646d696e4061646d696e2e636f6d223b66697273745f6e616d657c733a353a2241646d696e223b6c6173745f6e616d657c733a383a226973747261746f72223b636974797c733a333a22312c32223b757365725f69647c733a313a2231223b6f6c645f6c6173745f6c6f67696e7c733a31303a2231353736353736353038223b6c6173745f636865636b7c693a313537363735333233353b757365725f696e666f7c613a333a7b733a353a22656d61696c223b733a31353a2261646d696e4061646d696e2e636f6d223b733a31303a2266697273745f6e616d65223b733a353a2241646d696e223b733a393a226c6173745f6e616d65223b733a383a226973747261746f72223b7d),
('ln6iaeng9o6s6ddtv269jnc9t5hp2enb', '125.17.137.51', 1576752747, 0x5f5f63695f6c6173745f726567656e65726174657c693a313537363735323734373b6964656e746974797c733a383a2277746d756d626169223b757365726e616d657c733a383a2277746d756d626169223b656d61696c7c733a31373a226d756d626169406d756d6261692e636f6d223b66697273745f6e616d657c733a383a225765205477656574223b6c6173745f6e616d657c733a363a224d756d626169223b636974797c733a313a2231223b757365725f69647c733a313a2235223b6f6c645f6c6173745f6c6f67696e7c733a31303a2231353736373531363333223b6c6173745f636865636b7c693a313537363735323432303b757365725f696e666f7c613a333a7b733a353a22656d61696c223b733a31373a226d756d626169406d756d6261692e636f6d223b733a31303a2266697273745f6e616d65223b733a383a225765205477656574223b733a393a226c6173745f6e616d65223b733a363a224d756d626169223b7d),
('minlcvd45u0ttma86lbutdp8atov6c7n', '125.17.137.51', 1576753235, 0x5f5f63695f6c6173745f726567656e65726174657c693a313537363735333233353b6964656e746974797c733a31333a2261646d696e6973747261746f72223b757365726e616d657c733a31333a2261646d696e6973747261746f72223b656d61696c7c733a31353a2261646d696e4061646d696e2e636f6d223b66697273745f6e616d657c733a353a2241646d696e223b6c6173745f6e616d657c733a383a226973747261746f72223b636974797c733a333a22312c32223b757365725f69647c733a313a2231223b6f6c645f6c6173745f6c6f67696e7c733a31303a2231353736353736353038223b6c6173745f636865636b7c693a313537363735333233353b),
('q81i2j9hasu9tfu626ja7pfdtg8878bb', '125.17.137.51', 1576757453, 0x5f5f63695f6c6173745f726567656e65726174657c693a313537363735373435333b6964656e746974797c733a383a2277746d756d626169223b757365726e616d657c733a383a2277746d756d626169223b656d61696c7c733a31373a226d756d626169406d756d6261692e636f6d223b66697273745f6e616d657c733a383a225765205477656574223b6c6173745f6e616d657c733a363a224d756d626169223b636974797c733a313a2231223b757365725f69647c733a313a2235223b6f6c645f6c6173745f6c6f67696e7c733a31303a2231353736373531363333223b6c6173745f636865636b7c693a313537363735323432303b757365725f696e666f7c613a333a7b733a353a22656d61696c223b733a31373a226d756d626169406d756d6261692e636f6d223b733a31303a2266697273745f6e616d65223b733a383a225765205477656574223b733a393a226c6173745f6e616d65223b733a363a224d756d626169223b7d),
('qtma3fgpfemo3uav2h61e930rh87tmp5', '125.17.137.51', 1576752420, 0x5f5f63695f6c6173745f726567656e65726174657c693a313537363735323432303b6964656e746974797c733a383a2277746d756d626169223b757365726e616d657c733a383a2277746d756d626169223b656d61696c7c733a31373a226d756d626169406d756d6261692e636f6d223b66697273745f6e616d657c733a383a225765205477656574223b6c6173745f6e616d657c733a363a224d756d626169223b636974797c733a313a2231223b757365725f69647c733a313a2235223b6f6c645f6c6173745f6c6f67696e7c733a31303a2231353736373531363333223b6c6173745f636865636b7c693a313537363735323432303b),
('srgc9t6k9g7u606bgd7s2pjoa3ltcvff', '52.114.6.38', 1576752471, 0x5f5f63695f6c6173745f726567656e65726174657c693a313537363735323437313b),
('t480evd3rekcrhk9dkp222a51gsn33a2', '125.17.137.51', 1576758656, 0x5f5f63695f6c6173745f726567656e65726174657c693a313537363735383337363b6964656e746974797c733a31333a2261646d696e6973747261746f72223b757365726e616d657c733a31333a2261646d696e6973747261746f72223b656d61696c7c733a31353a2261646d696e4061646d696e2e636f6d223b66697273745f6e616d657c733a353a2241646d696e223b6c6173745f6e616d657c733a383a226973747261746f72223b636974797c733a333a22312c32223b757365725f69647c733a313a2231223b6f6c645f6c6173745f6c6f67696e7c733a31303a2231353736353736353038223b6c6173745f636865636b7c693a313537363735333233353b757365725f696e666f7c613a333a7b733a353a22656d61696c223b733a31353a2261646d696e4061646d696e2e636f6d223b733a31303a2266697273745f6e616d65223b733a353a2241646d696e223b733a393a226c6173745f6e616d65223b733a383a226973747261746f72223b7d),
('tf60bo7qbit5kp0iiogr7n55o9e8420j', '125.16.91.50', 1576751633, 0x5f5f63695f6c6173745f726567656e65726174657c693a313537363735313633333b6964656e746974797c733a383a2277746d756d626169223b757365726e616d657c733a383a2277746d756d626169223b656d61696c7c733a31373a226d756d626169406d756d6261692e636f6d223b66697273745f6e616d657c733a383a225765205477656574223b6c6173745f6e616d657c733a363a224d756d626169223b636974797c733a313a2231223b757365725f69647c733a313a2235223b6f6c645f6c6173745f6c6f67696e7c733a31303a2231353736353633303531223b6c6173745f636865636b7c693a313537363735313633333b),
('tsrh49hvkj4iafh5h2rjd1bv7rce7g8q', '125.17.137.51', 1576757796, 0x5f5f63695f6c6173745f726567656e65726174657c693a313537363735373739363b6964656e746974797c733a383a2277746d756d626169223b757365726e616d657c733a383a2277746d756d626169223b656d61696c7c733a31373a226d756d626169406d756d6261692e636f6d223b66697273745f6e616d657c733a383a225765205477656574223b6c6173745f6e616d657c733a363a224d756d626169223b636974797c733a313a2231223b757365725f69647c733a313a2235223b6f6c645f6c6173745f6c6f67696e7c733a31303a2231353736373531363333223b6c6173745f636865636b7c693a313537363735323432303b757365725f696e666f7c613a333a7b733a353a22656d61696c223b733a31373a226d756d626169406d756d6261692e636f6d223b733a31303a2266697273745f6e616d65223b733a383a225765205477656574223b733a393a226c6173745f6e616d65223b733a363a224d756d626169223b7d),
('ttcannhiiijlei8qjeksu9q004cugr9i', '125.17.137.51', 1576758051, 0x5f5f63695f6c6173745f726567656e65726174657c693a313537363735383035313b6964656e746974797c733a31333a2261646d696e6973747261746f72223b757365726e616d657c733a31333a2261646d696e6973747261746f72223b656d61696c7c733a31353a2261646d696e4061646d696e2e636f6d223b66697273745f6e616d657c733a353a2241646d696e223b6c6173745f6e616d657c733a383a226973747261746f72223b636974797c733a333a22312c32223b757365725f69647c733a313a2231223b6f6c645f6c6173745f6c6f67696e7c733a31303a2231353736353736353038223b6c6173745f636865636b7c693a313537363735333233353b757365725f696e666f7c613a333a7b733a353a22656d61696c223b733a31353a2261646d696e4061646d696e2e636f6d223b733a31303a2266697273745f6e616d65223b733a353a2241646d696e223b733a393a226c6173745f6e616d65223b733a383a226973747261746f72223b7d),
('u2pikge1179uu0ejs7rdvuqi63f27pg6', '125.17.137.51', 1576754229, 0x5f5f63695f6c6173745f726567656e65726174657c693a313537363735343232393b6964656e746974797c733a31333a2261646d696e6973747261746f72223b757365726e616d657c733a31333a2261646d696e6973747261746f72223b656d61696c7c733a31353a2261646d696e4061646d696e2e636f6d223b66697273745f6e616d657c733a353a2241646d696e223b6c6173745f6e616d657c733a383a226973747261746f72223b636974797c733a333a22312c32223b757365725f69647c733a313a2231223b6f6c645f6c6173745f6c6f67696e7c733a31303a2231353736353736353038223b6c6173745f636865636b7c693a313537363735333233353b757365725f696e666f7c613a333a7b733a353a22656d61696c223b733a31353a2261646d696e4061646d696e2e636f6d223b733a31303a2266697273745f6e616d65223b733a353a2241646d696e223b733a393a226c6173745f6e616d65223b733a383a226973747261746f72223b7d),
('ujv3tdlp3qtlethm0dcclaf1tek6mr6o', '125.16.91.50', 1576755432, 0x5f5f63695f6c6173745f726567656e65726174657c693a313537363735353237383b6964656e746974797c733a383a2277746d756d626169223b757365726e616d657c733a383a2277746d756d626169223b656d61696c7c733a31373a226d756d626169406d756d6261692e636f6d223b66697273745f6e616d657c733a383a225765205477656574223b6c6173745f6e616d657c733a363a224d756d626169223b636974797c733a313a2231223b757365725f69647c733a313a2235223b6f6c645f6c6173745f6c6f67696e7c733a31303a2231353736353633303531223b6c6173745f636865636b7c693a313537363735313633333b757365725f696e666f7c613a333a7b733a353a22656d61696c223b733a31373a226d756d626169406d756d6261692e636f6d223b733a31303a2266697273745f6e616d65223b733a383a225765205477656574223b733a393a226c6173745f6e616d65223b733a363a224d756d626169223b7d),
('v4rmrktf8ktm9bam44hghftr0fdlqucc', '125.16.91.50', 1576754782, 0x5f5f63695f6c6173745f726567656e65726174657c693a313537363735343730373b6572726f727c733a31353a22496e636f7272656374204c6f67696e223b5f5f63695f766172737c613a313a7b733a353a226572726f72223b733a333a226f6c64223b7d),
('v6i0q07p9259kivvkjiirdtd22ln413n', '125.17.137.51', 1576756298, 0x5f5f63695f6c6173745f726567656e65726174657c693a313537363735363239383b6964656e746974797c733a383a2277746d756d626169223b757365726e616d657c733a383a2277746d756d626169223b656d61696c7c733a31373a226d756d626169406d756d6261692e636f6d223b66697273745f6e616d657c733a383a225765205477656574223b6c6173745f6e616d657c733a363a224d756d626169223b636974797c733a313a2231223b757365725f69647c733a313a2235223b6f6c645f6c6173745f6c6f67696e7c733a31303a2231353736373531363333223b6c6173745f636865636b7c693a313537363735323432303b757365725f696e666f7c613a333a7b733a353a22656d61696c223b733a31373a226d756d626169406d756d6261692e636f6d223b733a31303a2266697273745f6e616d65223b733a383a225765205477656574223b733a393a226c6173745f6e616d65223b733a363a224d756d626169223b7d),
('vslsiv4db7el56j62i62ujqcggo71jur', '66.102.6.176', 1576753763, 0x5f5f63695f6c6173745f726567656e65726174657c693a313537363735333736333b);

-- --------------------------------------------------------

--
-- Table structure for table `groups`
--

DROP TABLE IF EXISTS `groups`;
CREATE TABLE `groups` (
  `id` mediumint(8) UNSIGNED NOT NULL,
  `name` varchar(20) NOT NULL,
  `description` varchar(100) NOT NULL
) ENGINE=InnoDB DEFAULT CHARSET=utf8;

--
-- Dumping data for table `groups`
--

INSERT INTO `groups` (`id`, `name`, `description`) VALUES
(1, 'admin', 'Administrator'),
(2, 'members', 'General User');

-- --------------------------------------------------------

--
-- Table structure for table `hashtags`
--

DROP TABLE IF EXISTS `hashtags`;
CREATE TABLE `hashtags` (
  `hashtag_id` int(11) UNSIGNED NOT NULL,
  `city_id` int(11) NOT NULL,
  `hashtag` varchar(25) DEFAULT NULL,
  `banner_url` varchar(255) DEFAULT NULL,
  `row_order` int(11) DEFAULT NULL,
  `current_status` enum('0','1','-1') NOT NULL DEFAULT '1',
  `api_url` varchar(255) DEFAULT NULL,
  `is_topic` enum('0','1') DEFAULT '0',
  `date_updated` timestamp NULL DEFAULT CURRENT_TIMESTAMP
) ENGINE=InnoDB DEFAULT CHARSET=utf8;

--
-- Dumping data for table `hashtags`
--

INSERT INTO `hashtags` (`hashtag_id`, `city_id`, `hashtag`, `banner_url`, `row_order`, `current_status`, `api_url`, `is_topic`, `date_updated`) VALUES
(1, 1, '#MentalHealthMatters', '6f9e09abdfd7aeb0d87da54992634df4.jpg', 12, '1', 'https://46h5ib1y07.execute-api.us-west-2.amazonaws.com/production/api/v1/twitterindia5a2e/5d5e316e4a1d36000103fdfd/tweets/32779a3f-125d-4dc5-a3a7-26cf60a0fd09', '1', '2019-09-17 00:00:01'),
(2, 1, '#TooManyGroupsChats', '206fdb7556fbadd8958b073a16c897b7.jpg', 11, '1', 'https://46h5ib1y07.execute-api.us-west-2.amazonaws.com/production/api/v1/twitterindia5a2e/5d5e316e4a1d36000103fdfd/tweets/2af0bfb4-70eb-4a9b-91c7-b3ec94a5217c', '0', '2019-09-17 00:00:01'),
(3, 1, '#StopDayZero', '13bec00471d94f851f3eda741ae3b5bf.jpg', 7, '1', 'https://46h5ib1y07.execute-api.us-west-2.amazonaws.com/production/api/v1/twitterindia5a2e/5d5e316e4a1d36000103fdfd/tweets/0fe42f8a-0a2e-4d7c-99c6-9cb260bc54d1', '0', '2019-09-17 00:00:01'),
(4, 1, '#SingleLife', '41cf173dd17b2be2dbd80ecc32e19316.jpg', 2, '1', 'https://46h5ib1y07.execute-api.us-west-2.amazonaws.com/production/api/v1/twitterindia5a2e/5d5e316e4a1d36000103fdfd/tweets/46007404-a7e4-4637-b093-4dca9c8a9c8c', '0', '2019-09-17 00:00:01'),
(5, 2, '#MentalHealthMatters', '2dba09ef9990e6a39e9d6415d191b584.jpg', 1, '1', 'https://46h5ib1y07.execute-api.us-west-2.amazonaws.com/production/api/v1/twitterindia5a2e/5d5e316e4a1d36000103fdfd/tweets/32779a3f-125d-4dc5-a3a7-26cf60a0fd09', '1', '2019-09-17 00:00:01'),
(6, 2, '#SingleLife', '201979df5bfd6c087ce3a54d1fbc3ac5.jpg', 2, '1', 'https://46h5ib1y07.execute-api.us-west-2.amazonaws.com/production/api/v1/twitterindia5a2e/5d5e316e4a1d36000103fdfd/tweets/46007404-a7e4-4637-b093-4dca9c8a9c8c', '1', '2019-09-17 00:00:01'),
(7, 2, '#StopDayZero', '7fc4e96aaa9ea65f48e65e5449c12165.jpg', 3, '1', 'https://46h5ib1y07.execute-api.us-west-2.amazonaws.com/production/api/v1/twitterindia5a2e/5d5e316e4a1d36000103fdfd/tweets/ec47ce4b-db52-40f3-b0ce-2e54ed0e213c', '0', '2019-09-18 16:37:49'),
(8, 2, '#BeingBroke', 'e6ef70336fd14c663228669ceda141b9.jpg', 4, '1', 'https://46h5ib1y07.execute-api.us-west-2.amazonaws.com/production/api/v1/twitterindia5a2e/5d5e316e4a1d36000103fdfd/tweets/c1a7ec26-66ba-43f0-a4b5-65720a385b4a', '0', '2019-09-18 16:46:59'),
(9, 3, '#Alexa', '17ff513c8a353526eb3dfdd0e289151b.jpg', 9, '1', '', '0', '2019-09-18 20:24:24'),
(10, 3, '#NewHashtagMumbai', 'abe341887bd42bbce119e62b42648911.jpg', 10, '1', '', '0', '2019-09-21 01:31:06'),
(11, 3, '#SuperKing', '1914dfc89d336b30ea262687c6672326.jpg', 11, '1', 'https://73oskjeyha.execute-api.us-west-2.amazonaws.com/staging/api/v1/proximafb40/5d5b9e5e914e390001ae88e2/tweets/74025868-6181-4fc5-a9ed-d165a747c926', '0', '2019-09-22 02:28:02'),
(12, 3, '#ChennaiKingCircle', '4637357495b7894a88c24c6c58cdfac1.jpg', 12, '1', '', '0', '2019-09-22 02:28:24'),
(13, 1, '#BloodMatters', 'acc315b4ad26688fbc090e6394885d1c.jpg', 9, '1', 'https://46h5ib1y07.execute-api.us-west-2.amazonaws.com/production/api/v1/twitterindia5a2e/5d5e316e4a1d36000103fdfd/tweets/da8da041-1056-4b48-a151-6b3b613e342a', '0', '2019-09-23 15:03:47'),
(14, 1, '#FearOfMissingOut', '59158f6710afcfdeb55481896628ce3f.jpg', 10, '1', 'https://46h5ib1y07.execute-api.us-west-2.amazonaws.com/production/api/v1/twitterindia5a2e/5d5e316e4a1d36000103fdfd/tweets/ee2bf0f7-26df-497f-8a24-aaa24c7201f1', '0', '2019-09-23 15:04:37'),
(15, 4, '#StopDayZero', '77492282c08253d58ae460cdec07abe3.jpg', 1, '1', 'https://46h5ib1y07.execute-api.us-west-2.amazonaws.com/production/api/v1/twitterindia5a2e/5d5e316e4a1d36000103fdfd/tweets/ec47ce4b-db52-40f3-b0ce-2e54ed0e213c', '1', '2019-09-23 15:05:00'),
(16, 2, '#MarksDontMatter', '3e4bdc062366756581f63481934f98ca.jpg', 5, '1', 'https://46h5ib1y07.execute-api.us-west-2.amazonaws.com/production/api/v1/twitterindia5a2e/5d5e316e4a1d36000103fdfd/tweets/01236dd0-6949-4ce3-8076-b92833746f64', '0', '2019-09-23 15:08:45'),
(17, 1, '#BeingBroke', '074ac1cd42fdb3425bcb7c04e21a951f.jpg', 13, '1', 'https://46h5ib1y07.execute-api.us-west-2.amazonaws.com/production/api/v1/twitterindia5a2e/5d5e316e4a1d36000103fdfd/tweets/c1a7ec26-66ba-43f0-a4b5-65720a385b4a', '0', '2019-09-23 15:29:35'),
(18, 4, '#SingleLife', 'ca26397a129c993865f0b14bf75e7b44.jpg', 2, '1', 'https://46h5ib1y07.execute-api.us-west-2.amazonaws.com/production/api/v1/twitterindia5a2e/5d5e316e4a1d36000103fdfd/tweets/46007404-a7e4-4637-b093-4dca9c8a9c8c', '0', '2019-09-24 08:34:04'),
(19, 1, '#MarksDontMatter', '58429910c97d6b9f3b7be2ae5607b774.jpg', 8, '-1', 'https://46h5ib1y07.execute-api.us-west-2.amazonaws.com/production/api/v1/twitterindia5a2e/5d5e316e4a1d36000103fdfd/tweets/01236dd0-6949-4ce3-8076-b92833746f64', '0', '2019-11-01 11:29:14'),
(20, 1, '#ProxyBuddyStories', 'be30c2b59dbbbfebfdf0267bea7ba113.jpg', 9, '-1', 'https://46h5ib1y07.execute-api.us-west-2.amazonaws.com/production/api/v1/twitterindia5a2e/5d5e316e4a1d36000103fdfd/tweets/63d93ef2-d5f6-4e88-9bc7-b8eb9d1e447d', '0', '2019-11-01 11:29:51'),
(21, 1, '#ProudAndOut', 'e864d744afeb79512949a8f358785b4b.jpg', 4, '1', 'https://46h5ib1y07.execute-api.us-west-2.amazonaws.com/production/api/v1/twitterindia5a2e/5d5e316e4a1d36000103fdfd/tweets/4567981e-a0db-469f-900b-afbafac42624', '0', '2019-11-01 11:30:34'),
(22, 2, '#TooManyGroups', '5a454b5f664f5f2f52f382f8d0d8094b.jpg', 6, '1', 'https://46h5ib1y07.execute-api.us-west-2.amazonaws.com/production/api/v1/twitterindia5a2e/5d5e316e4a1d36000103fdfd/tweets/768bc78c-3bec-4d0c-8683-fa4d9e92ec1c', '0', '2019-11-01 11:33:02'),
(23, 2, '#BloodMatters', '98452c68144e8a3d99ed85a041fdb3ef.jpg', 7, '1', 'https://46h5ib1y07.execute-api.us-west-2.amazonaws.com/production/api/v1/twitterindia5a2e/5d5e316e4a1d36000103fdfd/tweets/da8da041-1056-4b48-a151-6b3b613e342a', '0', '2019-11-01 11:33:36'),
(24, 2, '#FearOfMissingOut', '0944935b53088fae87c168a924bc7aa4.jpg', 8, '1', 'https://46h5ib1y07.execute-api.us-west-2.amazonaws.com/production/api/v1/twitterindia5a2e/5d5e316e4a1d36000103fdfd/tweets/ee2bf0f7-26df-497f-8a24-aaa24c7201f1', '0', '2019-11-01 11:34:05'),
(25, 2, '#ProudAndOut', '73873067f697ef7b8d773142deb1527e.jpg', 9, '1', 'https://46h5ib1y07.execute-api.us-west-2.amazonaws.com/production/api/v1/twitterindia5a2e/5d5e316e4a1d36000103fdfd/tweets/4567981e-a0db-469f-900b-afbafac42624', '0', '2019-11-01 11:34:29'),
(26, 2, '#ProxyBuddyStories', '1cc22918b1ed0f31825782c4f99b8a9b.jpg', 10, '1', 'https://46h5ib1y07.execute-api.us-west-2.amazonaws.com/production/api/v1/twitterindia5a2e/5d5e316e4a1d36000103fdfd/tweets/63d93ef2-d5f6-4e88-9bc7-b8eb9d1e447d', '0', '2019-11-01 11:35:00'),
(27, 4, '#MentalHealthMatters', 'b3953f22e072564c2340c38635a503dc.jpg', 3, '1', 'https://46h5ib1y07.execute-api.us-west-2.amazonaws.com/production/api/v1/twitterindia5a2e/5d5e316e4a1d36000103fdfd/tweets/32779a3f-125d-4dc5-a3a7-26cf60a0fd09', '0', '2019-11-01 11:36:26'),
(28, 4, '#TooManyGroups', '0161f88e756a4bf52071d9b8288c6a06.jpg', 4, '1', 'https://46h5ib1y07.execute-api.us-west-2.amazonaws.com/production/api/v1/twitterindia5a2e/5d5e316e4a1d36000103fdfd/tweets/768bc78c-3bec-4d0c-8683-fa4d9e92ec1c', '0', '2019-11-01 11:36:52'),
(29, 4, '#BloodMatters', 'ffe1cddd88bc05a55c9326411c4c65b6.jpg', 5, '1', 'https://46h5ib1y07.execute-api.us-west-2.amazonaws.com/production/api/v1/twitterindia5a2e/5d5e316e4a1d36000103fdfd/tweets/da8da041-1056-4b48-a151-6b3b613e342a', '0', '2019-11-01 11:37:17'),
(30, 4, '#BeingBroke', '1f8f83f7f2909bed0147bc5ef13a4b5f.jpg', 6, '1', 'https://46h5ib1y07.execute-api.us-west-2.amazonaws.com/production/api/v1/twitterindia5a2e/5d5e316e4a1d36000103fdfd/tweets/c1a7ec26-66ba-43f0-a4b5-65720a385b4a', '0', '2019-11-01 11:37:57'),
(31, 4, '#ProudAndOut', '9935abea989c6ff5da7348472b43ea05.jpg', 7, '1', 'https://46h5ib1y07.execute-api.us-west-2.amazonaws.com/production/api/v1/twitterindia5a2e/5d5e316e4a1d36000103fdfd/tweets/4567981e-a0db-469f-900b-afbafac42624', '0', '2019-11-01 11:38:20'),
(32, 4, '#FearOfMissingOut', '019cfb7e3fc704ccd11c4443143e2c2b.jpg', 8, '1', 'https://46h5ib1y07.execute-api.us-west-2.amazonaws.com/production/api/v1/twitterindia5a2e/5d5e316e4a1d36000103fdfd/tweets/ee2bf0f7-26df-497f-8a24-aaa24c7201f1', '0', '2019-11-01 11:38:51'),
(33, 4, '#MarksDontMatter', '5d6922551948ae88f878e203c15ebe9a.jpg', 9, '1', 'https://46h5ib1y07.execute-api.us-west-2.amazonaws.com/production/api/v1/twitterindia5a2e/5d5e316e4a1d36000103fdfd/tweets/01236dd0-6949-4ce3-8076-b92833746f64', '0', '2019-11-01 11:39:10'),
(34, 4, '#ProxyBuddyStories', 'ea58040a985ff2381fa8919a7dfd69db.jpg', 10, '1', 'https://46h5ib1y07.execute-api.us-west-2.amazonaws.com/production/api/v1/twitterindia5a2e/5d5e316e4a1d36000103fdfd/tweets/63d93ef2-d5f6-4e88-9bc7-b8eb9d1e447d', '0', '2019-11-01 11:39:37'),
(35, 1, 'ZeroWasteFestival', '415917ae6a7f1d1708cfb854664cb055.jpg', 1, '1', 'https://46h5ib1y07.execute-api.us-west-2.amazonaws.com/production/api/v1/twitterindia5a2e/5d5e316e4a1d36000103fdfd/tweets/6943181f-3e5a-47e8-9a64-541fed6ed2c7', '0', '2019-12-19 11:46:26'),
(36, 1, '#SheInspiresMe', '4a744efb61977d1fbc2ec8e1fb2cc5d7.jpg', 3, '1', 'https://46h5ib1y07.execute-api.us-west-2.amazonaws.com/production/api/v1/twitterindia5a2e/5d5e316e4a1d36000103fdfd/tweets/66e55e7a-f5eb-45b5-a9d7-ea4638eecec1', '0', '2019-12-19 11:49:20'),
(37, 1, '#CollegeCultureShock', 'ca02d726d042c2c031c0fdb252198b9c.jpg', 5, '1', 'https://46h5ib1y07.execute-api.us-west-2.amazonaws.com/production/api/v1/twitterindia5a2e/5d5e316e4a1d36000103fdfd/tweets/a2f26690-bdcf-4600-8918-857eb09c7893', '0', '2019-12-19 11:50:44'),
(38, 1, '#Breathe', 'cb1a3061bd337c3d21237224476d39c4.jpg', 6, '1', 'https://46h5ib1y07.execute-api.us-west-2.amazonaws.com/production/api/v1/twitterindia5a2e/5d5e316e4a1d36000103fdfd/tweets/6e19926c-ffdd-4308-8021-3ecfd2c423a4', '0', '2019-12-19 11:51:31'),
(39, 1, '#SoloAndSafe', '360e0d439295cb3301df09e9129d6989.jpg', 8, '1', 'https://46h5ib1y07.execute-api.us-west-2.amazonaws.com/production/api/v1/twitterindia5a2e/5d5e316e4a1d36000103fdfd/tweets/77d33289-cf26-4d25-a01c-da6fa343c1a9', '0', '2019-12-19 11:52:39');

-- --------------------------------------------------------

--
-- Table structure for table `login_attempts`
--

DROP TABLE IF EXISTS `login_attempts`;
CREATE TABLE `login_attempts` (
  `id` int(11) UNSIGNED NOT NULL,
  `ip_address` varchar(45) NOT NULL,
  `login` varchar(100) NOT NULL,
  `time` int(11) UNSIGNED DEFAULT NULL
) ENGINE=InnoDB DEFAULT CHARSET=utf8;

--
-- Dumping data for table `login_attempts`
--

INSERT INTO `login_attempts` (`id`, `ip_address`, `login`, `time`) VALUES
(1, '125.16.91.50', 'ayshsharma@gmail.com', 1576754721),
(2, '125.16.91.50', 'ayshsharma@gmail.com', 1576754731),
(3, '125.16.91.50', 'ayshsharma@gmail.com', 1576754781);

-- --------------------------------------------------------

--
-- Table structure for table `users`
--

DROP TABLE IF EXISTS `users`;
CREATE TABLE `users` (
  `id` int(11) UNSIGNED NOT NULL,
  `ip_address` varchar(45) NOT NULL,
  `username` varchar(100) NOT NULL DEFAULT '',
  `password` varchar(255) NOT NULL,
  `email` varchar(254) NOT NULL,
  `activation_selector` varchar(255) DEFAULT NULL,
  `activation_code` varchar(255) DEFAULT NULL,
  `forgotten_password_selector` varchar(255) DEFAULT NULL,
  `forgotten_password_code` varchar(255) DEFAULT NULL,
  `forgotten_password_time` int(11) UNSIGNED DEFAULT NULL,
  `remember_selector` varchar(255) DEFAULT NULL,
  `remember_code` varchar(255) DEFAULT NULL,
  `created_on` int(11) UNSIGNED NOT NULL,
  `last_login` int(11) UNSIGNED DEFAULT NULL,
  `active` tinyint(1) UNSIGNED DEFAULT NULL,
  `first_name` varchar(50) DEFAULT NULL,
  `last_name` varchar(50) DEFAULT NULL,
  `company` varchar(100) DEFAULT NULL,
  `phone` varchar(20) DEFAULT NULL,
  `city_assigned` varchar(25) DEFAULT NULL
) ENGINE=InnoDB DEFAULT CHARSET=utf8;

--
-- Dumping data for table `users`
--

INSERT INTO `users` (`id`, `ip_address`, `username`, `password`, `email`, `activation_selector`, `activation_code`, `forgotten_password_selector`, `forgotten_password_code`, `forgotten_password_time`, `remember_selector`, `remember_code`, `created_on`, `last_login`, `active`, `first_name`, `last_name`, `company`, `phone`, `city_assigned`) VALUES
(1, '127.0.0.1', 'administrator', '$2y$12$WQgD4zRwaV4DMMr/19Nf0.8mZCjPoZbJ450n8b4GdMDb.UFVXAvfu', 'admin@admin.com', NULL, '', NULL, NULL, NULL, NULL, NULL, 1268889823, 1576753235, 1, 'Admin', 'istrator', 'We Tweet India', '0', '1,2'),
(2, '127.0.0.1', 'member', '$2y$10$9Vl9d6OkS.HbMySinyA3Pe16fcABK845GVed5rQKbFebNad8E3Xem', 'test@email.in', NULL, NULL, NULL, NULL, NULL, NULL, NULL, 1568698710, 1569481725, 1, 'We Tweet', 'Mumbai', '', '', '1'),
(3, '127.0.0.1', 'user', '$2y$10$v3.Pqo/4RrIUuxP5xHbgueYnnxNMGhqwsqOsexV9J0x.g2DzRB4b2', 'user@example.com', NULL, NULL, NULL, NULL, NULL, NULL, NULL, 1569099335, 1571676303, 1, 'We Tweet', 'Bangalore', '', '', '4'),
(4, '125.17.137.51', 'We Tweet Delhi', '$2y$10$7bH1HW04lfL0IRrUWkoHsOYtri7s/dFeHVj5t5g.1CETUKy/TlbGq', 'delhi@wetweet.com', NULL, NULL, NULL, NULL, NULL, NULL, NULL, 1572608452, NULL, 1, 'We Tweet', 'Delhi', '', '', '2'),
(5, '125.17.137.51', 'wtmumbai', '$2y$10$wU3Pyje5NmDWIvUQWGU3L.i7ElCJhqEdxr4JCdHHBt53dXib0xxrK', 'mumbai@mumbai.com', NULL, NULL, NULL, NULL, NULL, NULL, NULL, 1572932502, 1576752420, 1, 'We Tweet', 'Mumbai', '', '', '1'),
(6, '125.17.137.51', 'wtdelhi', '$2y$10$7dICof3eSOK40t7gtB53dOpoJDdJAzljpGUZXR5c69ooy60ZV6ywq', 'delhi@1wetweet.com', NULL, NULL, NULL, NULL, NULL, NULL, NULL, 1572932546, 1573720771, 1, 'We Tweet Delhi', 'Delhi', '', '', '2'),
(7, '125.17.137.51', 'wtbangalore', '$2y$10$vUO6nldgCY.82VqqTH0Q0elEYsekp0KV5r.1v8PiLt7cJJLCsCPu2', 'bangalore@1wetweet.com', NULL, NULL, NULL, NULL, NULL, NULL, NULL, 1572932600, NULL, 1, 'We Tweet', 'Bangalore', '', '', '4');

-- --------------------------------------------------------

--
-- Table structure for table `users_groups`
--

DROP TABLE IF EXISTS `users_groups`;
CREATE TABLE `users_groups` (
  `id` int(11) UNSIGNED NOT NULL,
  `user_id` int(11) UNSIGNED NOT NULL,
  `group_id` mediumint(8) UNSIGNED NOT NULL
) ENGINE=InnoDB DEFAULT CHARSET=utf8;

--
-- Dumping data for table `users_groups`
--

INSERT INTO `users_groups` (`id`, `user_id`, `group_id`) VALUES
(15, 1, 1),
(16, 1, 2),
(22, 2, 2),
(21, 3, 2),
(19, 4, 2),
(23, 5, 2),
(26, 6, 2),
(25, 7, 2);

--
-- Indexes for dumped tables
--

--
-- Indexes for table `cities`
--
ALTER TABLE `cities`
  ADD PRIMARY KEY (`city_id`);

--
-- Indexes for table `ci_sessions`
--
ALTER TABLE `ci_sessions`
  ADD PRIMARY KEY (`id`),
  ADD KEY `ci_sessions_timestamp` (`timestamp`);

--
-- Indexes for table `groups`
--
ALTER TABLE `groups`
  ADD PRIMARY KEY (`id`);

--
-- Indexes for table `hashtags`
--
ALTER TABLE `hashtags`
  ADD PRIMARY KEY (`hashtag_id`),
  ADD UNIQUE KEY `hashtag_id_UNIQUE` (`hashtag_id`),
  ADD KEY `fk_cityid_hashtags_idx` (`city_id`);

--
-- Indexes for table `login_attempts`
--
ALTER TABLE `login_attempts`
  ADD PRIMARY KEY (`id`);

--
-- Indexes for table `users`
--
ALTER TABLE `users`
  ADD PRIMARY KEY (`id`),
  ADD UNIQUE KEY `uc_username` (`username`),
  ADD UNIQUE KEY `uc_email` (`email`),
  ADD UNIQUE KEY `uc_activation_selector` (`activation_selector`),
  ADD UNIQUE KEY `uc_forgotten_password_selector` (`forgotten_password_selector`),
  ADD UNIQUE KEY `uc_remember_selector` (`remember_selector`);

--
-- Indexes for table `users_groups`
--
ALTER TABLE `users_groups`
  ADD PRIMARY KEY (`id`),
  ADD UNIQUE KEY `uc_users_groups` (`user_id`,`group_id`),
  ADD KEY `fk_users_groups_users1_idx` (`user_id`),
  ADD KEY `fk_users_groups_groups1_idx` (`group_id`);

--
-- AUTO_INCREMENT for dumped tables
--

--
-- AUTO_INCREMENT for table `cities`
--
ALTER TABLE `cities`
  MODIFY `city_id` int(11) NOT NULL AUTO_INCREMENT, AUTO_INCREMENT=11;

--
-- AUTO_INCREMENT for table `groups`
--
ALTER TABLE `groups`
  MODIFY `id` mediumint(8) UNSIGNED NOT NULL AUTO_INCREMENT, AUTO_INCREMENT=3;

--
-- AUTO_INCREMENT for table `hashtags`
--
ALTER TABLE `hashtags`
  MODIFY `hashtag_id` int(11) UNSIGNED NOT NULL AUTO_INCREMENT, AUTO_INCREMENT=40;

--
-- AUTO_INCREMENT for table `login_attempts`
--
ALTER TABLE `login_attempts`
  MODIFY `id` int(11) UNSIGNED NOT NULL AUTO_INCREMENT, AUTO_INCREMENT=4;

--
-- AUTO_INCREMENT for table `users`
--
ALTER TABLE `users`
  MODIFY `id` int(11) UNSIGNED NOT NULL AUTO_INCREMENT, AUTO_INCREMENT=8;

--
-- AUTO_INCREMENT for table `users_groups`
--
ALTER TABLE `users_groups`
  MODIFY `id` int(11) UNSIGNED NOT NULL AUTO_INCREMENT, AUTO_INCREMENT=27;

--
-- Constraints for dumped tables
--

--
-- Constraints for table `hashtags`
--
ALTER TABLE `hashtags`
  ADD CONSTRAINT `fk_city_id` FOREIGN KEY (`city_id`) REFERENCES `cities` (`city_id`) ON DELETE CASCADE;

--
-- Constraints for table `users_groups`
--
ALTER TABLE `users_groups`
  ADD CONSTRAINT `fk_users_groups_groups1` FOREIGN KEY (`group_id`) REFERENCES `groups` (`id`) ON DELETE CASCADE ON UPDATE NO ACTION,
  ADD CONSTRAINT `fk_users_groups_users1` FOREIGN KEY (`user_id`) REFERENCES `users` (`id`) ON DELETE CASCADE ON UPDATE NO ACTION;
COMMIT;

/*!40101 SET CHARACTER_SET_CLIENT=@OLD_CHARACTER_SET_CLIENT */;
/*!40101 SET CHARACTER_SET_RESULTS=@OLD_CHARACTER_SET_RESULTS */;
/*!40101 SET COLLATION_CONNECTION=@OLD_COLLATION_CONNECTION */;
